"Time","V1","V2","V3","V4","V5","V6","V7","V8","V9","V10","V11","V12","V13","V14","V15","V16","V17","V18","V19","V20","V21","V22","V23","V24","V25","V26","V27","V28","Amount","Class"
2
0,-1.3598071336738,-0.0727811733098497,2.53634673796914,1.37815522427443,-0.338320769942518,0.462387777762292,0.239598554061257,0.0986979012610507,0.363786969611213,0.0907941719789316,-0.551599533260813,-0.617800855762348,-0.991389847235408,-0.311169353699879,1.46817697209427,-0.470400525259478,0.207971241929242,0.0257905801985591,0.403992960255733,0.251412098239705,-0.018306777944153,0.277837575558899,-0.110473910188767,0.0669280749146731,0.128539358273528,-0.189114843888824,0.133558376740387,-0.0210530534538215,149.62,"0"
3
0,1.19185711131486,0.26615071205963,0.16648011335321,0.448154078460911,0.0600176492822243,-0.0823608088155687,-0.0788029833323113,0.0851016549148104,-0.255425128109186,-0.166974414004614,1.61272666105479,1.06523531137287,0.48909501589608,-0.143772296441519,0.635558093258208,0.463917041022171,-0.114804663102346,-0.183361270123994,-0.145783041325259,-0.0690831352230203,-0.225775248033138,-0.638671952771851,0.101288021253234,-0.339846475529127,0.167170404418143,0.125894532368176,-0.00898309914322813,0.0147241691924927,2.69,"0"
4
1,-1.35835406159823,-1.34016307473609,1.77320934263119,0.379779593034328,-0.503198133318193,1.80049938079263,0.791460956450422,0.247675786588991,-1.51465432260583,0.207642865216696,0.624501459424895,0.066083685268831,0.717292731410831,-0.165945922763554,2.34586494901581,-2.89008319444231,1.10996937869599,-0.121359313195888,-2.26185709530414,0.524979725224404,0.247998153469754,0.771679401917229,0.909412262347719,-0.689280956490685,-0.327641833735251,-0.139096571514147,-0.0553527940384261,-0.0597518405929204,378.66,"0"
5
1,-0.966271711572087,-0.185226008082898,1.79299333957872,-0.863291275036453,-0.0103088796030823,1.24720316752486,0.23760893977178,0.377435874652262,-1.38702406270197,-0.0549519224713749,-0.226487263835401,0.178228225877303,0.507756869957169,-0.28792374549456,-0.631418117709045,-1.0596472454325,-0.684092786345479,1.96577500349538,-1.2326219700892,-0.208037781160366,-0.108300452035545,0.00527359678253453,-0.190320518742841,-1.17557533186321,0.647376034602038,-0.221928844458407,0.0627228487293033,0.0614576285006353,123.5,"0"
6
2,-1.15823309349523,0.877736754848451,1.548717846511,0.403033933955121,-0.407193377311653,0.0959214624684256,0.592940745385545,-0.270532677192282,0.817739308235294,0.753074431976354,-0.822842877946363,0.53819555014995,1.3458515932154,-1.11966983471731,0.175121130008994,-0.451449182813529,-0.237033239362776,-0.0381947870352842,0.803486924960175,0.408542360392758,-0.00943069713232919,0.79827849458971,-0.137458079619063,0.141266983824769,-0.206009587619756,0.502292224181569,0.219422229513348,0.215153147499206,69.99,"0"
7
2,-0.425965884412454,0.960523044882985,1.14110934232219,-0.168252079760302,0.42098688077219,-0.0297275516639742,0.476200948720027,0.260314333074874,-0.56867137571251,-0.371407196834471,1.34126198001957,0.359893837038039,-0.358090652573631,-0.137133700217612,0.517616806555742,0.401725895589603,-0.0581328233640131,0.0686531494425432,-0.0331937877876282,0.0849676720682049,-0.208253514656728,-0.559824796253248,-0.0263976679795373,-0.371426583174346,-0.232793816737034,0.105914779097957,0.253844224739337,0.0810802569229443,3.67,"0"
8
4,1.22965763450793,0.141003507049326,0.0453707735899449,1.20261273673594,0.191880988597645,0.272708122899098,-0.00515900288250983,0.0812129398830894,0.464959994783886,-0.0992543211289237,-1.41690724314928,-0.153825826253651,-0.75106271556262,0.16737196252175,0.0501435942254188,-0.443586797916727,0.00282051247234708,-0.61198733994012,-0.0455750446637976,-0.21963255278686,-0.167716265815783,-0.270709726172363,-0.154103786809305,-0.780055415004671,0.75013693580659,-0.257236845917139,0.0345074297438413,0.00516776890624916,4.99,"0"
9
7,-0.644269442348146,1.41796354547385,1.0743803763556,-0.492199018495015,0.948934094764157,0.428118462833089,1.12063135838353,-3.80786423873589,0.615374730667027,1.24937617815176,-0.619467796121913,0.291474353088705,1.75796421396042,-1.32386521970526,0.686132504394383,-0.0761269994382006,-1.2221273453247,-0.358221569869078,0.324504731321494,-0.156741852488285,1.94346533978412,-1.01545470979971,0.057503529867291,-0.649709005559993,-0.415266566234811,-0.0516342969262494,-1.20692108094258,-1.08533918832377,40.8,"0"
10
7,-0.89428608220282,0.286157196276544,-0.113192212729871,-0.271526130088604,2.6695986595986,3.72181806112751,0.370145127676916,0.851084443200905,-0.392047586798604,-0.410430432848439,-0.705116586646536,-0.110452261733098,-0.286253632470583,0.0743553603016731,-0.328783050303565,-0.210077268148783,-0.499767968800267,0.118764861004217,0.57032816746536,0.0527356691149697,-0.0734251001059225,-0.268091632235551,-0.204232669947878,1.0115918018785,0.373204680146282,-0.384157307702294,0.0117473564581996,0.14240432992147,93.2,"0"
11
9,-0.33826175242575,1.11959337641566,1.04436655157316,-0.222187276738296,0.49936080649727,-0.24676110061991,0.651583206489972,0.0695385865186387,-0.736727316364109,-0.366845639206541,1.01761446783262,0.836389570307029,1.00684351373408,-0.443522816876142,0.150219101422635,0.739452777052119,-0.540979921943059,0.47667726004282,0.451772964394125,0.203711454727929,-0.246913936910008,-0.633752642406113,-0.12079408408185,-0.385049925313426,-0.0697330460416923,0.0941988339514961,0.246219304619926,0.0830756493473326,3.68,"0"
12
10,1.44904378114715,-1.17633882535966,0.913859832832795,-1.37566665499943,-1.97138316545323,-0.62915213889734,-1.4232356010359,0.0484558879088564,-1.72040839292037,1.62665905834133,1.1996439495421,-0.671439778462005,-0.513947152539479,-0.0950450453999549,0.230930409124119,0.0319674667862076,0.253414715863197,0.854343814324194,-0.221365413645481,-0.387226474431156,-0.00930189652490052,0.313894410791098,0.0277401580170247,0.500512287104917,0.25136735874921,-0.129477953726618,0.0428498709381461,0.0162532619375515,7.8,"0"
13
10,0.38497821518095,0.616109459176472,-0.874299702595052,-0.0940186259679115,2.92458437838817,3.31702716826156,0.470454671805879,0.53824722837695,-0.558894612428441,0.30975539423728,-0.259115563735702,-0.326143233995877,-0.0900467227020648,0.362832368569793,0.928903660629178,-0.129486811402759,-0.809978925963589,0.359985390219981,0.70766382644648,0.12599157561542,0.049923685888971,0.238421512225103,0.00912986861262866,0.996710209581086,-0.767314827174801,-0.492208295340017,0.042472441919027,-0.0543373883732122,9.99,"0"
14
10,1.249998742053,-1.22163680921816,0.383930151282291,-1.23489868766892,-1.48541947377961,-0.753230164566149,-0.689404975426345,-0.227487227519552,-2.09401057344842,1.32372927445937,0.227666231237246,-0.242681998944186,1.20541680770748,-0.317630527025074,0.725674990179153,-0.815612186027305,0.873936447614439,-0.847788598847099,-0.683192626267037,-0.102755941505071,-0.231809239223849,-0.483285330117712,0.0846676908596583,0.392830885335013,0.161134553588505,-0.354990039673962,0.0264155490776107,0.0424220887282304,121.5,"0"
15
11,1.0693735878819,0.287722129331455,0.828612726634281,2.71252042961718,-0.178398016248009,0.337543730282968,-0.0967168617395962,0.115981735546597,-0.221082566236194,0.460230444301678,-0.773656930526689,0.32338724546722,-0.0110758870883779,-0.178485175177916,-0.65556427824926,-0.19992517131173,0.1240054151819,-0.980496201537345,-0.982916082135047,-0.153197231044512,-0.0368755317335273,0.0744124028162195,-0.0714074332998586,0.104743752596029,0.548264725394119,0.104094153162781,0.0214910583643189,0.021293311477486,27.5,"0"
16
12,-2.7918547659339,-0.327770756658658,1.64175016056605,1.76747274389883,-0.136588446465306,0.80759646826532,-0.422911389711497,-1.90710747624096,0.755712908314791,1.1510869876677,0.844555470974377,0.7929439518176,0.370448092803246,-0.734975105820311,0.406795710431001,-0.303057623825763,-0.155868714793874,0.778265457041536,2.22186801373788,-1.58212204356551,1.15166304848789,0.222181966098225,1.02058620426601,0.0283166513238872,-0.232746324289105,-0.23555721754117,-0.16477751177654,-0.0301536365592253,58.8,"0"
17
12,-0.752417042956605,0.345485415344747,2.05732291276727,-1.46864329840046,-1.1583936804082,-0.0778498291166733,-0.608581418236123,0.00360348436201849,-0.436166983515744,0.747730827192802,-0.793980602837221,-0.770406728847129,1.04762699748088,-1.06660368148653,1.10695345662141,1.66011355713381,-0.279265373246772,-0.419994141181313,0.432535348618175,0.263450864446125,0.499624954671111,1.35365048557231,-0.256573280448308,-0.0650837078816517,-0.0391243535426488,-0.0870864732146962,-0.180997500092721,0.129394059390202,15.99,"0"
18
12,1.10321543528383,-0.0402962145973447,1.2673320885949,1.28909146962552,-0.735997163604068,0.288069162976262,-0.586056786337461,0.189379713679593,0.782332891785191,-0.267975066537173,-0.450311279515466,0.936707714991982,0.708380406186981,-0.468647287707221,0.354574063407955,-0.246634655717582,-0.00921237772707382,-0.595912405700819,-0.57568162226261,-0.113910176982092,-0.0246120063374677,0.196001952806192,0.0138016541409422,0.103758331023198,0.364297540595235,-0.382260574113217,0.092809187460487,0.0370505169810008,12.99,"0"
19
13,-0.436905071360625,0.918966212909322,0.92459077438817,-0.727219053596792,0.915678718106307,-0.127867352079254,0.707641607333935,0.0879623554672504,-0.66527135413364,-0.737979823596458,0.32409781346169,0.277192107214981,0.252624256310781,-0.291896460370468,-0.184520169327133,1.14317370716197,-0.92870926272403,0.680469592634687,0.0254364616880793,-0.0470212823165035,-0.194795823794671,-0.672637997017793,-0.156857514491897,-0.888386320943716,-0.342413218776576,-0.049026728633951,0.0796923991551505,0.131023789452311,0.89,"0"

33,-0.607877142993026,1.03134507783793,1.74044973731533,1.23210555042311,0.418592260222944,0.119168118951909,0.850892666335631,-0.176267418873834,-0.243501347955064,0.148455489833925,-0.387003094237291,0.398299276642617,0.48191674848907,-0.3654390925945,0.235544572141109,-1.34781146032981,0.504648259572464,-0.798404510811433,0.759710307289684,0.254324777846538,-0.0873291909450489,0.258315279877507,-0.26477502289338,0.118282367139248,0.173508081148748,-0.217041286803197,0.0943119126010652,-0.0330412960342469,14.8,"0"
45
33,-0.935731508971261,0.170415774156885,2.74626126916024,-1.07796491232198,-0.305594036012037,0.011577039242069,-0.296178450741079,0.402775569749032,-0.0404717463090409,-0.852045975590358,1.55210930576859,0.953561030493519,0.415429902142844,-0.233899924821916,0.452335831951489,0.844368276957724,-0.822739085535726,0.338821621743895,-1.21423442764473,-0.00541945029011228,0.401212016276093,1.06486425408903,-0.15832543563046,0.295505486260758,-0.259369647631841,0.754194722556598,0.0466637698225124,0.093947918225147,9.1,"0"
46
34,-0.762255665726893,0.127767751953647,2.65005638571315,-1.87566277123804,-0.893356398126455,-0.268714889488759,-0.419863596621261,0.146233406715251,-0.869635290154597,-0.0386516694016891,-0.686124387103008,-0.502910878643487,1.38082632218495,-1.03912460633328,0.652842089032808,1.89874756257003,-0.458413549068005,-0.559803242547051,-0.295102639926884,0.359392905714987,0.433349641511561,1.26040266443393,-0.404700036155232,0.0949455232807396,0.480975976870017,-0.0906846797223101,0.319222972697776,0.135599924615913,15.99,"0"
47
34,1.13831556625444,0.0569559699973862,0.649418964599217,0.873062040924213,-0.468466330715866,-0.410194552246249,-0.0138975543027732,-0.0724396093157116,0.306787909036459,-0.269952637390657,-0.00260184782303436,1.12430421589913,0.744206684168937,-0.188353421358499,-0.07566196255573,-0.70919227171914,0.381219102546287,-1.37208017404084,-0.273701149259017,-0.078354632808708,-0.16422241479465,-0.247400539229342,0.0594050645049741,0.456286465174056,0.361004003525112,0.274414145848337,-0.00249836244665451,0.017108846940255,21.34,"0"
48
34,-0.291540244596543,0.445575313725742,1.2497521162384,-1.73573588991416,0.0857555587180682,-0.121924299130972,0.40771585706035,0.095309377625631,0.815902286836031,-1.49118801152726,-0.846191380399744,0.0565325500897555,-0.058953530005169,0.151922601756511,1.9825948818916,-0.443295054363626,-0.318251412005902,0.0647871665050688,0.613505272287834,-0.0335223445539186,-0.0649061469721262,-0.120448981687137,-0.156525633679736,-0.800212850852097,-0.000620391689963862,-0.835203307198696,0.131001420802654,0.0628962699466281,18.95,"0"
49
34,0.201685891430752,0.497483215432781,1.3739125741005,0.571405317647578,-0.630657750142243,-0.539659123772599,-0.0762702908119869,-0.917105750019037,0.270008406215231,-0.480280682110825,-0.512532739970476,0.680906258686799,0.089923036521968,-0.157405056857078,-0.588819331688659,-0.477908445696603,0.22538879557879,-0.668680159238467,-0.0235994213112055,-0.222302592236684,0.718961069869173,-0.17187687023179,-0.16620525458887,0.776471323845633,0.818460355548391,0.442547455443563,0.142757246943121,0.219237609708497,9.99,"0"
50
35,1.38639697419213,-0.794209465382612,0.778224190591254,-0.864708433897642,-1.06413227965342,0.351296173582744,-1.19145458338703,0.052685634312249,-0.304404039275229,0.576516808924066,-1.63111176189277,0.0425595121222894,2.04789831589105,-0.739338428608896,1.45622204419365,-0.272049582980028,-0.932007398445801,1.92653220035244,-0.659939172907678,-0.273032886609131,-0.228726645592863,-0.123522420123964,-0.131025121563502,-0.929668178912028,0.181379006488932,1.19492806430879,0.000531331886203401,0.0199106229397932,30.9,"0"
51
35,-1.06323567874519,1.41819062554828,1.08667286312649,1.24143960031209,0.00230612611071083,0.0459015812190403,0.514120896637259,0.241252403456357,-0.154499951014978,0.280672622055497,-0.531948028103641,0.589857529006045,0.555086956115103,-0.116357328890885,0.165886171204421,-1.23721002679517,0.638414233299701,-0.776070594624742,0.692805890042676,0.235008925706976,-0.0572284702226962,0.314152998030344,-0.129862928270599,0.11428370785009,-0.0278124769514765,-0.259937015630799,0.118753639651127,-0.0089562977983754,20.22,"0"
52
35,1.19935593362078,0.129953154513887,0.863584970776281,1.00263476869323,-0.783761014593659,-0.884679005672016,-0.0407432757589571,-0.208068511671504,0.392477871628745,-0.248177899888804,-0.0953627524727861,1.31413104809224,1.0916814094227,-0.409346352255035,-0.577994104632916,-0.581283742420706,0.212342679791527,-0.893181252962422,-0.0206528853522847,-0.0726201259267691,-0.0424680857272564,0.198474051899343,-0.0330099751170921,1.01329013084481,0.559097511348329,0.401817534390101,-0.00586465649000008,0.0179360319171187,0.99,"0"
53
36,-1.00492933857661,-0.985977681437715,-0.0380388289597724,3.71006135915003,-6.63195083213121,5.12210258142297,4.37169125592055,-2.00686750606648,-0.278736460739287,-0.230872923441907,0.145155263239837,-0.0631560504596301,-0.79958507056403,-0.341956368039262,-0.930529781903999,0.510510185482595,0.0924281060557055,0.823984132238812,1.19039780013038,-0.00197997769185823,1.39340600409007,-0.381671395166542,0.969719175646086,0.0194447958389348,0.57092281345927,0.333277781691674,0.857373192365587,-0.0755382461617961,1402.95,"0"
54
36,-1.16942245796433,1.15831387032695,1.40679953629777,0.860188897348956,-0.103809888790759,0.122034779552914,0.264451377145263,-0.108766588645948,-0.181976611127934,0.659592648943552,0.45631688991831,-0.097762710197907,-0.346158686301307,0.210182391368661,2.34522933348286,-1.1726476833364,0.860018873573656,-1.15422426573603,0.858768026366302,-0.120560177945327,0.0244979038810766,-0.120153158421006,0.212986045163239,0.0875357633653697,-0.946529684037448,0.226700388710984,-0.810100768391406,0.234956581343876,7.99,"0"
55
36,1.09552460629831,-0.116085345733392,1.39791191546724,1.49754690019101,-1.0491239994212,0.0728385348036489,-0.723802080255301,0.287532472980736,0.996326812363796,-0.149144652839117,-0.508291668719983,-0.0278409029803608,-1.32155975244457,-0.0624044666639764,0.505750535601976,-0.209298470605219,0.207536533977023,-0.471334706912941,-0.736297582236995,-0.275034578640693,-0.0332341723097201,0.0932618845502939,0.0894983953019386,0.361261297686165,0.250962947610691,-0.378279979683085,0.0810238996896179,0.0342269381560285,2.09,"0"
56
37,1.29566762073068,0.341483451353791,0.0815051987484797,0.566746069705835,-0.110458773277264,-0.766324792720234,0.0731549033988192,-0.168304137620736,0.0718371100236598,-0.28104399420091,-0.549533938889144,0.0490931624959103,0.303950022826475,-0.316750192452704,1.13489720516941,0.635909577425588,-0.199763166132168,-0.122051064207473,0.0045161815786887,-0.0659833832780103,-0.323607229319987,-0.929781372142459,0.063808805668539,-0.193565114648984,0.287574217952475,0.127880985217088,-0.0237311930875266,0.0251996726837571,0.99,"0"
57
38,0.158331782301759,0.872687435246972,0.965524582020175,1.80212716128867,0.139021981009842,0.110863099962207,0.559079185876476,-0.0290709324327654,-0.394912253717594,0.0326744802467683,-0.500918900235755,0.631916037705799,0.754693616555678,-0.0476554686939835,0.348217616820134,-1.49352680501418,0.757230631601602,-0.68436921621072,1.30335875909536,0.089837782828709,0.116269965704937,0.691685038730085,0.121112830020818,0.116142167643855,-1.1127250116355,-0.303369145265663,0.32753280391296,0.255621383050512,21.76,"0"
58
39,-0.554064564931988,0.215728297966379,0.84426462904462,-0.753067316254495,0.0348484695858477,-0.558597247605412,1.09040095790026,-0.203873231509391,0.262393622286028,-1.35471021992455,-0.0948798795631494,0.953745991690559,0.836964039089714,0.14475220028962,1.15660953164838,-1.933020942756,0.741348957532257,-0.513609928080678,1.5673453867025,0.383282932954218,0.212133973378933,0.702337604074802,-0.0057006020965723,0.147346442427205,0.245651952176691,-0.440456209881165,0.147130419245981,0.13946773165502,120.96,"0"
59
39,-1.33088157532471,0.26754022707339,-0.168469573562158,-0.701232147988771,3.28197152637576,3.21638961502674,-0.0593943523071498,0.895430427879541,-0.0177788238187959,-0.165753217895266,-0.765047305633999,-0.0156362827296156,-0.356625989563243,-0.0412000005982097,-0.735103099898972,0.0305333144480771,-0.778067287751348,-0.0151596831713987,-0.152824068495873,-0.113875191254896,-0.151042302183246,-0.311726353053032,-0.374792812734778,1.01488604023913,0.353991877144656,-0.51032707197523,0.159032671096812,0.228707927508465,13.84,"0"
60
40,1.11069200372208,0.0819419013829698,0.406063037313593,1.29074038305994,-0.169813148258441,0.120955382832246,-0.080845204793183,0.17437308481531,0.152070726014375,0.0652667231931254,1.02454976986831,0.793137179599713,-1.01503970254654,0.422995451627276,-0.706629551160314,-0.488455357544419,0.0585314477120091,-0.383627225929433,-0.0740676980785363,-0.2198461004264,-0.0560239846247868,-0.0116030864282728,-0.070482892402791,0.00434519145725972,0.60392864054067,-0.327424451316207,0.0298896885491626,0.00494429617585088,13.84,"0"
61
41,1.15431211678574,0.265462317325236,0.384870524075104,0.575007040189308,-0.217475464731052,-0.391519648227507,-0.081488956561272,0.062789489939691,-0.26058332390039,-0.161677216936728,2.05292777700016,1.13082593391895,0.189484506115511,-0.0707926116953762,0.619345198096689,0.318582896539062,0.090232112025443,-0.331450411508532,-0.344721213431806,-0.0995797456243433,-0.193213341350887,-0.557685063301591,0.16949206868172,0.186862704114817,0.0892519829822865,0.0936262298809123,-0.00963264036329018,0.0196676927362536,2.67,"0"
62
41,0.986063325558912,-0.202964586766765,-0.492768147356141,0.407691274714408,0.305660256237429,-0.230529178948424,0.585028086151903,-0.208224591017666,-0.247503447978774,-0.192253127963734,-0.628317496088626,0.430307932699876,0.811248019884464,0.371566359048745,1.02607884858679,-0.0285013452690086,-0.3075461030699,-1.09965491470003,0.0107385063797803,0.263505047503593,-0.305873932586351,-1.21655526869515,-0.0776015256345218,-0.741340787959936,0.286881124869204,0.200346695511119,-0.0752033513991597,0.0272712185948336,169.05,"0"
63
41,1.1387593359078,-1.19295282747355,1.40713083554771,-0.330070103385594,-2.06950346000893,-0.242175406330976,-1.30663511427275,0.104510402617049,0.1346282320753,0.493931277386145,-0.8951875984556,-0.182695452453829,0.146080827117795,-0.586610838748991,0.797189022079305,-0.891720829484445,-0.0792078211726979,1.54158849386504,-0.983586179206678,-0.299307434385076,-0.156198371672557,-0.0305687768825267,-0.0197233842526695,0.433752601084651,-0.0295214595585981,1.14124130155645,-0.00861206031729643,0.0415638961546465,96.94,"0"
64
41,1.14552438734553,0.575067968122658,0.194008459987088,2.59819174498796,-0.0922100226629796,-1.0444295836732,0.531587592965216,-0.241888126572805,-0.896287173943134,0.757952330755115,-0.448937077852659,-0.660863324849119,-1.30852217275468,0.788863794122663,0.320294451189993,0.295403810318671,-0.28787845487047,-0.451452922896375,-1.01144616734405,-0.191049987046098,0.0111063338152907,-0.119703100297783,-0.0765095275824603,0.691320431435738,0.633983977143587,0.0487412744528967,-0.0531919416370361,0.0162514987654748,34.13,"0"
65
42,-0.249361327961551,0.399227372862504,0.068009333708328,-1.06061882632292,2.41039917069756,3.73657391553938,0.316446080126551,0.672296305826337,0.015140168440884,-0.269501562245437,-0.495120449984549,-0.161505830003069,-0.274214413311662,-0.27619076761852,-0.172408739733759,-0.118962106359993,-0.550002391086682,-0.148051640353341,0.771761782834217,0.107676349446719,-0.257662841099466,-0.616762290166941,-0.156668822049934,1.03113494324514,0.120617108005851,0.310494066716854,-0.288298624314493,-0.223964274021454,32.51,"0"
66
42,-0.522666281326226,1.00992300182961,0.276469594612311,1.47528945859934,-0.707012562987729,0.355242551803606,1.55984878741899,-0.399578612449174,-0.479812993616112,0.516352274838619,0.0343304585928822,0.589225512111296,1.4269098018209,0.0205102490819948,1.65133636674485,-0.961342569180643,0.24636005877088,-0.40753729696982,0.917399011636689,-0.0130160210270286,0.1724014772054,1.01154336015453,0.0696662727096649,0.15781974077871,-1.10922431803229,-0.302369335098658,0.318170337330597,0.316909559697327,243.66,"0"
67
44,-0.899992449383227,0.136254782203579,1.88366470990807,-0.208996095601994,1.05144062021155,1.90524133632435,0.241423250138503,0.647630723466254,-0.0534662496159594,-0.504170551077414,1.25459880723608,-0.236629189514631,-2.51758729019083,0.384573507124186,0.343832096830213,-1.37056313688268,0.958567981636055,-1.60724169293268,-0.647256440015303,-0.121725831425047,-0.0815002177255612,-0.0169258892202723,-0.147706272837016,-1.38462020304382,-0.0243520909920119,0.412659496074958,-0.106776267626847,-0.190475773260189,21.55,"0"
68
44,-0.7147640190509,0.514968588809346,1.82167562698994,0.616433633112349,0.848775614560403,-0.111938136930971,1.50561708184721,-0.798167297930687,0.244756558759933,0.264554166932915,-1.10811404262763,-0.359860224587481,-0.163471394515264,-0.78399685528552,-0.367152826926958,-0.653118889937787,-0.50429999683849,-0.260560360493109,0.435251051618086,0.107321716256365,-0.220075387734134,-0.0178447101595565,-0.431938291624419,-0.130458458758134,0.337158591609192,-0.440041535079763,-0.674526156912284,-0.473217566024028,59.9,"0"
69
44,-0.948896382774995,0.248413620091971,2.956914245378,2.81374999056136,0.145538801826429,-0.0273529716038449,0.133701634240577,-0.307534956765323,-0.125243760627442,1.03493960020462,-0.532647840011533,-0.189877966199305,0.0812221878395934,-0.939053267606033,0.081187230147607,-0.129784753449715,-0.17435346324256,-0.0902909933540908,0.222434544172135,-0.0561863263047544,-0.0836469065443144,0.416090081889729,0.207536734987955,0.716064035097256,-0.602311114532848,-0.0642300143639965,-0.315057518447682,-0.272463332248231,0.75,"0"
70
44,0.92706024886951,-0.323683971710722,0.387584831023695,0.544473988630298,0.246787394713325,1.65035780450716,-0.427576017481436,0.615370698363494,0.22627827499351,-0.225495240788102,1.94454487261209,1.38515995366242,-0.479261670753128,0.314166275947243,0.214167230654249,-1.33371647303753,1.0028690205298,-2.1193135015833,-1.05304305618293,-0.185390374533289,-0.0405130479745848,0.0793594012040047,0.0966317456875458,-0.992568668943493,0.0850958289136786,0.377447205341889,0.0360964213118972,-0.00596028607818299,45.71,"0"
71
46,-1.92321320363186,-0.870482324116727,2.32016962893044,1.98877580146727,0.417090785024797,-0.380013723200936,0.472139269598768,-0.557333241041249,-0.649079050397235,1.41088888300776,-0.517736958000633,-0.985201772757918,-0.400594745446622,-0.830664635864875,0.338009486308628,0.0299241758036659,0.37115031113381,-1.05431867206706,1.89036392388461,-0.36922739831731,-0.686487767489979,-0.779267566437133,1.08605501915054,0.518863427142479,-0.363712017511894,3.06557569653728,-0.589022174639728,-0.396109822649589,35,"0"
72
46,1.00658858258061,-0.0711053573592864,0.347613710129268,1.32968404626518,-0.193239540558001,0.155418220951582,0.00857355004537538,0.146537701158532,0.103844303499997,0.0318300248431995,1.07098086659495,0.940664826248853,-0.729473777220335,0.380114784646787,-0.729126304640312,-0.493402464675541,0.0435558761530204,-0.405289649578765,-0.092584543842081,-0.091366856699256,-0.0202386866152166,-0.0188806243664369,-0.120966187234267,0.0273817885188254,0.59386362410547,-0.334687921975777,0.0213680104004056,0.0150804012744551,67.97,"0"
73
46,-0.378244634508222,0.732925473144789,-0.12015421084374,0.18575507207311,2.59426949152718,3.79718265118537,0.0590879612001456,0.976768278020551,-0.412660864918736,0.0067536882536664,-0.624666242175613,-0.115851957802005,-0.215037272965066,0.14044940338935,0.160265566475215,-0.601890179366329,-0.144355315240532,0.221557464920078,1.45485216223185,0.315571560739074,-0.107581845449129,-0.157139517354471,-0.194659196235448,1.01389734659882,0.145503366823794,-0.237619522591439,0.411371737390151,0.202788454962588,11.45,"0"
74
47,1.19783859904952,0.236827617702066,0.509605001633564,0.657658659875326,-0.365487846531556,-0.745101067219334,0.079497447992953,-0.130535519206068,-0.0522631188334045,-0.110057897667251,0.307131474741218,0.670664429232084,0.437973609417859,0.269026235243189,1.12741944172679,-0.196922570885677,0.00770367393603528,-1.12264047790795,-0.590917690926777,-0.120981428275126,-0.149875596688501,-0.374210667597001,0.145515985807902,0.414983921314997,0.212156010664903,0.181724249919295,-0.0164021340612288,0.0159942089881169,3.63,"0"
75
48,-0.580628965016257,0.482683933097182,1.33312308028373,-0.253080022676203,-0.0284689398233383,-0.519165700319527,0.503249460809705,0.117773482896021,0.117112238017822,-0.420487538793211,0.449718913713424,-0.0178648303429265,-1.98382317941023,0.321663489232864,-1.42530187959129,0.125194163398465,-0.404409451618886,0.0977768572186709,-0.0205312679140408,-0.298750730213523,-0.0421423262477711,-0.148707275565971,0.00145116497714452,0.302764487325416,-0.680714199200363,-0.0155539239808445,-0.00630700434213483,0.164222205343532,21.66,"0"
76
48,-1.79340624422786,1.85460399082838,0.979513976644481,1.11226152645262,-0.206402962131258,-0.199545668092445,0.6166424042353,0.0641803531775705,0.690271532341837,1.55172381714636,-0.16196484167768,0.424213060982246,0.0159444010110314,-0.405832818314697,0.271930432913219,-1.42302064864536,0.676324382969801,-0.911048300036704,0.461845498112606,0.667846871696291,-0.180722525691681,0.235138169654476,-0.0914415713260925,0.417654473831525,0.122733846237321,-0.232985041190746,0.811879841478301,0.618568311939622,26.72,"0"
77
49,1.09860834614642,0.202423563829101,0.525455971945753,1.32343627201394,-0.130486421204476,0.0399243070766149,0.0283794159028238,0.0728410708847139,-0.0978693519806861,0.0195129951686423,1.47441332090063,1.68967421758435,0.506780523264567,0.125136664522659,-0.89270971177356,-0.621679133317781,0.0443402665913568,-0.642093954200622,-0.161986891000608,-0.128040892456864,-0.0249716784462107,0.154264260038072,-0.0631467432547598,0.253205307138793,0.629405434975953,-0.345344655387218,0.0404693378711826,0.010263750026757,13.18,"0"
78
49,-0.549626144798035,0.418949153525597,1.72983325235597,0.203065373845713,-0.187012387610491,0.253877551885213,0.500893777771598,0.251255794962937,-0.227984854678695,-0.57616941989126,1.10203189400426,0.823707807488722,-0.569509883571002,0.00871007349263582,-1.04141380966471,-0.603403099556728,0.225483728892329,-0.352132599922745,0.194946380855442,0.0169703706662638,0.115062465548237,0.418528728119492,-0.0651327882454082,0.264980785082018,0.00395822034181825,0.395968888989273,0.027182102239278,0.0435057557098948,59.99,"0"
79
49,0.921543679723553,-0.0670837542257563,0.0774610275787093,0.953638217022313,0.0674124629108227,0.0161524649547512,0.32045155695341,0.0385340276125158,-0.391512665081147,0.0315602452397677,1.39169118010671,1.07936321996869,0.106267711683997,0.665985251334808,0.44225355774887,0.122646354959781,-0.492391586114359,-0.535140313996294,-0.0780818341113634,0.120050785637899,-0.333929581340575,-1.29991956674342,0.0843109903360168,-0.370397871198817,0.155101565371628,-0.834490365033198,0.000909065197964509,0.035546875724878,135.51,"0"
80
50,-0.571520749961747,1.07160044939815,1.28011024961142,0.542780003052458,0.574438986516567,-0.259359265830457,1.0611484151742,-0.410971967925814,-0.17913018113825,1.00350065764887,1.06238226849436,0.159422388058099,-0.2898603137468,0.00580474635482856,0.46044095320685,-0.22103526461389,-0.775852454545776,0.657023315008206,0.80758291868891,0.354730634765855,0.00355852008044498,0.561240486431022,-0.199286719692043,0.00138738938225278,-0.179529951929609,-0.374115725753305,0.0716414539902948,-0.175510468698003,9.79,"0"
81
50,-0.671708547741052,0.59450259438803,0.216415943954576,-0.867310638854276,2.96690830110092,3.63249487373809,0.563295074740477,0.673025596986071,-0.188766143762422,-0.404378291830518,-0.699710626192874,-0.184142608712838,-0.426813033653942,-0.183001108223398,-0.747731683219242,-0.0377075788937061,-0.866459638474451,-0.00725732026000804,-0.160432044223361,-0.00278433437563492,-0.136440966831564,-0.300362025601945,-0.331691623416602,0.996382470868604,0.502469492348796,-0.51804304841771,-0.208275755084745,-0.116048406394516,14.8,"0"
82
51,1.25987313565004,0.25423957645842,0.51478862825195,0.620924297433486,-0.475930098771269,-0.992285839202021,0.0664165097996613,-0.209275058074655,0.0355715653783499,-0.0676158213568395,-0.204107263687151,0.402596690697874,0.376647694351449,0.227135013294715,1.02499612132291,0.29953171476471,-0.426046050892739,-0.550315065603572,-0.119898968647883,-0.0889700937046651,-0.256530535925767,-0.739211692487821,0.135732380872138,0.38198986620837,0.219301891750154,0.0942906925877441,-0.0286866677208069,0.019197591087878,1.98,"0"
83
52,1.14736892702922,0.0590346445535856,0.263632341401774,1.21102345823936,-0.0440955788263387,0.30106650133832,-0.132959855687363,0.227885136251461,0.252191237226831,0.083903938117339,0.645046450909254,0.413361748049543,-1.46803602930219,0.502861187887764,-0.626936022547138,-0.369716051829749,-0.0317992395701179,-0.215342173803487,0.0550196503583034,-0.255923874900886,-0.0878134178536766,-0.110756406773342,-0.0977707247600232,-0.323374178237458,0.633278881348768,-0.305327819106935,0.0273941237350875,-0.000580464688818191,6.67,"0"
84
52,-3.00523672241459,2.60013820219461,1.48369073726212,-2.41847295513682,0.306326406574465,-0.824574531939418,2.0654256392882,-1.82934658938092,4.00925851665725,6.05152135077273,2.57250018194268,0.0668507400137308,-0.353574309497439,-2.83713599830894,0.292226879668893,-0.303773839706442,-1.94230314485255,-0.435449716450276,-0.934016115189154,2.45672404561526,-0.852308858371298,-0.181268483843722,-0.163746504079237,0.515820525800135,0.13631843199517,0.460053967482399,-0.251258637837596,-1.10575115708552,1.46,"0"
85
53,-1.19896767411718,-1.47410047094211,1.8403259873066,-4.51582435488105,0.327567428246331,-0.174469282834848,0.959725705478786,-1.0264562279545,1.70043458447966,-0.0789417612044958,1.66266714493598,0.485619299748722,-0.93302495795613,-1.11878656487932,0.14125304079379,-2.81188754821512,-0.504745809870121,0.891222663154531,-1.51202243652326,-0.769854286810439,-0.453169416973525,0.334614040441455,-0.364541412466894,-0.310185782073785,-0.30259949355198,-1.24392415371264,-1.12345654520885,-0.73435108581633,89.17,"0"

172770,2.00741802782449,-0.28023496951448,-0.208113151034067,0.335260935941056,-0.715798225871644,-0.751373079159416,-0.458971906154224,-0.140140384938908,0.959971316919316,-0.0282840578617135,-0.635200169092854,0.869260944584538,0.996596272135126,-0.280317033101652,0.436079233522627,0.397439210302549,-0.557940369800129,-0.536839568798726,-0.0823490664573066,-0.143293740157705,-0.208260143263231,-0.430346565594164,0.416765334234239,0.0648194547563602,-0.608336523474165,0.268436235929656,-0.0280685466095845,-0.0413674216674311,3.99,"0"
284791
172770,-0.446950896052929,1.30221236954228,-0.168582985911426,0.981577017035105,0.578957154610838,-0.605641009091424,1.25343045842987,-1.04260991760552,-0.417115855079436,0.0766045202708883,-1.29122804558007,-0.690868003935835,-1.48172356842876,0.753473245608918,-0.19114107814106,-1.1299038061459,0.319074098745478,-0.201861829865623,0.744415910955027,-0.203306142746375,0.851799556146017,0.305268269978494,-0.148092974805129,-0.0387121904599931,0.0102088289529035,-0.362666483952437,0.503091689408038,0.229921291418483,60.5,"0"
284792
172771,-0.515512845480611,0.971950366568097,-1.01458024810417,-0.677036873865726,0.912430001803323,-0.316187110606766,0.396137488082033,0.532364350471121,-0.224605918512894,-0.753365119819414,0.362989999800708,0.110499392811691,-0.85350326869671,-0.383111529890186,-0.774650177558231,0.764539583407559,0.216670688351438,0.488508155398766,0.180494934354369,-0.177211278854012,-0.28030189009981,-0.849919156528948,0.300245450351048,0.000606787049639447,-0.376378947396029,0.128660278868052,-0.0152048533944751,-0.0214855615592531,9.81,"0"
284793
172774,-0.863505647832818,0.874700924966955,0.420358355597506,-0.53036462188814,0.356560552711113,-1.04623828289691,0.757051136808763,0.230473206762745,-0.506856016826275,-1.03298981029613,-1.1875462024895,0.0558710725254079,-0.352508855309719,0.550971964093391,-0.551837529346385,-0.229313881666124,0.00417904539685337,-0.73036136356455,0.0776523481611843,-0.16213211744149,-0.108845676233698,-0.480820231762133,-0.0745127472085179,-0.00398803113565586,-0.113148981653434,0.280377968074319,-0.0773102790206262,0.0230785545363689,20.32,"0"
284794
172774,-0.724122855662227,1.48521564325368,-1.13221806762842,-0.607190264249027,0.70949876428805,-0.482638109831762,0.548393118636441,0.343003316756581,-0.226322939218569,-0.348133713124679,-1.38162350127399,0.617932998158959,1.42829709140885,0.494490217561143,0.426827103972837,-0.229598563222881,-0.494064908759999,0.176169273129867,0.18215238377957,-0.0772017025999268,0.414620622859365,1.3075111198369,-0.0595445064523047,0.242668830413702,-0.665424463655864,-0.26986930193824,-0.170579063608931,-0.0306924981053247,3.99,"0"
284795
172775,1.97100223582511,-0.699067301041926,-1.69754084219327,-0.617643239124639,1.71879666952687,3.91133624068065,-1.25930566168278,1.05620906936319,1.31500639290056,-0.146826701971311,-0.222958885194097,0.496509339782387,-0.051784576212652,-0.000744174685992794,0.893684047013994,0.000363169041614925,-0.58371035347348,0.0741633692135874,-0.356788791798405,-0.153581494953161,0.188757736065903,0.694418465128885,0.163002294526601,0.726364702579522,-0.0582816339815971,-0.19181279560531,0.061858394097696,-0.0437163124147341,4.99,"0"
284796
172777,-1.26658018751073,-0.400461255090227,0.956221134830023,-0.723918708808995,1.53199339986862,-1.78860001696127,0.314741079666118,0.0047044573244653,0.0138565692643366,-0.815910558593471,-1.31197617669939,-0.94675286190153,-2.11962626495352,0.609469107255444,-0.348706780456202,0.0778711076786681,-0.357628278309217,-0.578977406681629,-0.518738353345916,-0.0295387959460834,-0.157831289173511,-0.883365154870023,0.0884854790787274,-0.0767900135345541,-0.0958326158244536,0.132719919369681,-0.0284678999164232,0.126493754253493,0.89,"0"
284797
172778,-12.5167318477287,10.1878180402793,-8.47667066668252,-2.51047326304052,-4.58666914870733,-1.39446474872753,-3.63251619673419,5.49858253932705,4.89308908068377,8.65531963957983,-1.05236486117626,2.83486481236046,1.08814121731315,1.28840135326773,-0.931502938639584,1.0678644701107,0.586178800802537,-0.0855240913432532,-0.571605412453605,3.49006517321872,-0.944758590176497,-1.5650262004893,0.890674704800016,-1.25327583153701,1.78671683343288,0.320763234257587,2.09071175744121,1.23286442298378,9.87,"0"
284798
172780,1.88484896380702,-0.143539932863468,-0.999943100160451,1.50677189727889,-0.0352995052962873,-0.613637755055256,0.190240961910353,-0.249058226330057,0.666458084380392,0.120907699462948,-1.13417642595657,0.677729057528017,0.345928454346659,0.00201925299600049,-0.679625718717237,-0.549981920078496,-0.199950216917082,-0.420551247311401,-0.283277937574546,-0.153996522151586,0.144008254165654,0.634646195024045,-0.0421141867158868,-0.0532056260971883,0.316403108742564,-0.461440959817141,0.0182647991599071,-0.0410683570598926,60,"0"
284799
172782,-0.241922923693151,0.712246532203297,0.399805655495915,-0.463405516729266,0.244530937106473,-1.34366798367885,0.929368511608633,-0.2062102680589,0.106234231685447,-0.284707562863424,-0.612981510701904,-0.0666547274196841,-0.732986539703336,0.237948310946922,-0.293958765704203,-0.245496085489743,-0.174846285388049,-0.891168740948159,-0.290490523363184,-0.139511630638265,-0.228875719861634,-0.514375949093491,0.279597969287,0.371441309867354,-0.55923817445659,0.11314439719903,0.131507097617825,0.0812650602971748,5.49,"0"
284800
172782,0.2195290548808,0.881245743149381,-0.635890849626074,0.960927997354267,-0.15297078241792,-1.01430717553581,0.42712562123977,0.121340360686438,-0.285669713965033,-0.111639563712404,-1.10923217257381,-0.453234511207357,-1.04694569480814,1.12267439177599,1.24351816319406,-1.43189726654146,0.939328414637529,-0.00237255021158738,2.89495180691714,0.0066660264624123,0.0999358684850581,0.337119908748991,0.251790775254804,0.0576877870152752,-1.5083682536529,0.144023372480988,0.181205105338699,0.21524280501856,24.05,"0"
284801
172783,-1.77513496340237,-0.00423539870249681,1.18978624706472,0.33109591586509,1.19606256869803,5.51997972670503,-1.51818492752997,2.08082523601415,1.15949814044899,-0.594241721001303,-1.26407181940184,0.453596266847553,-0.243142490471879,-0.858718973845223,-0.766553854232968,-0.644646088590239,0.44718384787284,0.388720697120586,0.792134662376058,0.348175534120535,0.103301639975308,0.654849731110724,-0.348929090504561,0.745322962967185,0.704545250649244,-0.12757869782705,0.454379153027987,0.130307678927589,79.99,"0"
284802
172784,2.0395597743273,-0.175233101001927,-1.19682530872319,0.234579607988183,-0.00871330094039861,-0.726571304321129,0.0170495738463204,-0.118227888875525,0.435401855087861,0.267772347450891,0.523316131773517,0.559046765075357,-0.834660332508686,0.626210981078776,-0.541493600013251,0.225361337908771,-0.605251616757992,-0.163048600200317,0.561694708382262,-0.256922418016701,-0.26804840149822,-0.717210727822689,0.297930407329156,-0.359768732815729,-0.31560989657687,0.201114369908852,-0.0808258348962747,-0.0750705159276977,2.68,"0"
284803
172785,0.120316379951799,0.931005133456557,-0.54601214242923,-0.745096793161792,1.13031397816167,-0.235973168158629,0.812722065951079,0.115092852853589,-0.204063519469111,-0.657422116060677,0.644837326570703,0.190916232525403,-0.546328942955805,-0.731706584889614,-0.808035531993001,0.599628129130251,0.0704407517011719,0.373110304063873,0.128903790001337,0.000675832856452499,-0.314204648223592,-0.808520401993816,0.0503426632887123,0.102799589780576,-0.435870086042398,0.124078875348614,0.217939865307537,0.0688033338950257,2.69,"0"
284804
172786,-11.8811178854323,10.0717849710003,-9.83478345739033,-2.06665568459413,-5.36447278097585,-2.6068373309456,-4.91821543115252,7.305334020798,1.9144282734458,4.35617041320691,-1.59310526246153,2.71194079105717,-0.68925560917964,4.62694202525016,-0.92445871482528,1.10764060095394,1.99169110706243,0.510632329130648,-0.682919680356916,1.4758291346555,0.213454108437359,0.111863735978609,1.01447989719391,-0.509348453168509,1.4368069070214,0.250034279569581,0.943651171507532,0.823730961486502,0.77,"0"
284805
172787,-0.732788670658956,-0.0550804899173326,2.03502974528243,-0.73858858438744,0.868229398914682,1.05841527222565,0.0243296959175797,0.294868698501783,0.584800017281683,-0.975926063322508,-0.150188847103276,0.915801914403555,1.21475584849424,-0.675142955809576,1.16493090944588,-0.711757349978881,-0.025692855268572,-1.22117885840624,-1.54555608554509,0.0596158998872689,0.214205341747019,0.924383584903381,0.0124630383316793,-1.01622566867336,-0.606623985854728,-0.395255065710324,0.0684724700405593,-0.0535273892010011,24.79,"0"
284806
172788,1.91956500980048,-0.301253845990644,-3.24963981406834,-0.55782812475002,2.63051512011547,3.03126009781428,-0.296826527116156,0.708417184967134,0.432454047632915,-0.484781755751029,0.411613736794327,0.0631188625621446,-0.183698687930443,-0.510601843577723,1.32928351250595,0.140715981685477,0.313501786950651,0.395652479334165,-0.577251842501113,0.00139597028995166,0.232045035925397,0.57822900992263,-0.0375008550221367,0.640133881346421,0.265745453243744,-0.0873705959041059,0.00445477213829229,-0.0265608285615222,67.88,"0"
284807
172788,-0.240440049680947,0.530482513118839,0.702510230095103,0.689799168040973,-0.377961134444982,0.62370772214768,-0.68617998628885,0.679145459790659,0.392086712465972,-0.399125651432835,-1.93384881505713,-0.962886142890271,-1.04208165591191,0.449624443166001,1.96256312066577,-0.60857712704613,0.509928460110321,1.11398059049908,2.89784877334313,0.127433515805355,0.265244916386865,0.800048741498139,-0.163297944406659,0.123205243742508,-0.569158864158597,0.546668462188323,0.108820734744839,0.104532821478796,10,"0"
284808
172792,-0.53341252200504,-0.189733337002305,0.703337366963779,-0.506271240328258,-0.0125456787599659,-0.649616685713792,1.57700625437629,-0.414650407552662,0.486179505267237,-0.915426648905893,-1.04045833522361,-0.0315130540252157,-0.188092900791737,-0.0843164698151014,0.0413334553360658,-0.302620086427415,-0.660376645182784,0.16742993371973,-0.256116871098099,0.382948104875066,0.261057330790975,0.643078437820093,0.376777014169917,0.00879737940024202,-0.473648703898825,-0.818267121041176,-0.00241530880001015,0.0136489143320671,217,"0"
284809
â€‹
